Title,Link
News Article: CT Scans for Lung Cancer Turn Up Few False ...,https://tse1.mm.bing.net/th?id=OIP.D_7M-d8t92xMVQZW1YGbHwHaHM&pid=Api&f=1
CT Lung Cancer Screening – Issues to Consider,https://tse1.mm.bing.net/th?id=OIP.G348sXK2rhvo0E_SsMYW5QHaF7&pid=Api&f=1
Medicare Poised To Cover CT Scans To Screen For Lung ...,https://tse1.mm.bing.net/th?id=OIP.a-FNOH2yLUKd0c0lG1KF_AHaFi&pid=Api&f=1
"9 million smokers should get yearly lung screening, task ...",https://tse1.mm.bing.net/th?id=OIP.wWQTvGHvf2wtAMF0QeNoFgHaDr&pid=Api&f=1
Getting answers quickly at the Lung Cancer Clinic,https://tse1.mm.bing.net/th?id=OIP.flhKO_wg6pv2ubQxkgjqcAHaD4&pid=Api&f=1
My 2 Cents: Annual Lung CT Scans for Smokers: Good or Bad?,https://tse1.mm.bing.net/th?id=OIP.4LWbZNgXNv7EpDIZE871awHaF7&pid=Api&f=1
High costs prevent programmed scans,https://tse1.mm.bing.net/th?id=OIP.V7s3EQCFLuRbxVrEjRg-RAHaFd&pid=Api&f=1
Lung Cancer Screening for Smokers Major Breakthrough ...,https://tse1.mm.bing.net/th?id=OIP.FBdpXpBk9O2_t5trYIQfSwAAAA&pid=Api&f=1
Lung Cancer: To Screen or Not to Screen,https://tse1.mm.bing.net/th?id=OIP.yBBDUa4RF2uJD-UPxcZzaAHaFj&pid=Api&f=1
Lung Cancer Scan will be a Must for Queenslanders Deemed ...,https://tse1.mm.bing.net/th?id=OIP.GQ5xMm-Dbpu4eyNRyoL6IAHaFU&pid=Api&f=1
Xrays and CT Scans of Lung Cancer,https://tse1.mm.bing.net/th?id=OIP.LGQqhWWIFHZp-7TNofKBGgHaF5&pid=Api&f=1
Lung cancer CT - wikidoc,https://tse1.mm.bing.net/th?id=OIP.S9VptliskxHfDBPSCwFB2wHaFW&pid=Api&f=1
Using Lung Cancer Screening As An Opportunity to Help ...,https://tse1.mm.bing.net/th?id=OIP.ub4FDFgny7FrYtsxfBK7FwHaFj&pid=Api&f=1
"Lung Cancer News,Treatment Articles | Lung Cancer Types ...",https://tse1.mm.bing.net/th?id=OIP.OQN8IL3dntoC8xuBXW5SeAHaFj&pid=Api&f=1
Determination of chest wall invasion in lung cancer by CT ...,https://tse1.mm.bing.net/th?id=OIP.wQA83euGHx_EZQUdRkD0cQHaF7&pid=Api&f=1
HEALTH FROM TRUSTED SOURCES: Lung cancer,https://tse1.mm.bing.net/th?id=OIP.19khOheH24bK6ZFLJ0zDRQHaFC&pid=Api&f=1
CT Lung Screening,https://tse1.mm.bing.net/th?id=OIP.z06ipoU6tHCHVnJtIGVeCQHaE3&pid=Api&f=1
"Lung Cancer Campaign Was a Success, So Where Is It Now?",https://tse1.mm.bing.net/th?id=OIP.IZPFvviuCVThrwILOVJjbQHaFj&pid=Api&f=1
How Lung Cancer is Diagnosed? The Best Oncologist TM,https://tse1.mm.bing.net/th?id=OIP.g0UAsrq9Q6Rc5XiPyJMasQHaFC&pid=Api&f=1
Lung Cancer Screening CT - San Diego Imaging Radiology,https://tse1.mm.bing.net/th?id=OIP.SJ1MaU1kVIU1PtP9hM32vgHaGO&pid=Api&f=1
Lung Cancer Screening - Duke Radiology,https://tse2.mm.bing.net/th?id=OIP._PT9m85DewVbgx_3qGA5nwHaIO&pid=Api&f=1
Parking Lot Lung Cancer Screening Pays Dividends,https://tse1.mm.bing.net/th?id=OIP.ajPIsShB5LkjLLXS59rWTAHaFj&pid=Api&f=1
VCU Medical Center Offers Lung Cancer Screening Program,https://tse3.mm.bing.net/th?id=OIP.OEp7I-Y9_3F8fXgAMixjLwHaFc&pid=Api&f=1
"The benefits and harms of lung cancer screening, according ...",https://tse4.mm.bing.net/th?id=OIP.1OgP1JoRSuJ2O7G7YJfdwQHaEK&pid=Api&f=1
What You Need to Know About Lung Cancer Screenings | TPMG ...,https://tse3.mm.bing.net/th?id=OIP.TUwdSTa-ckPkcata5XgAMgHaHg&pid=Api&f=1
CT Lung Screening,https://tse3.mm.bing.net/th?id=OIP.z06ipoU6tHCHVnJtIGVeCQHaE3&pid=Api&f=1
Lung Cancer Screening Rates Remain Low among Current ...,https://tse3.mm.bing.net/th?id=OIP.HnGB5V4bWyh_tPYIFRf8SgHaFv&pid=Api&f=1
CT Screenings Aid in Early Lung Cancer Detection ...,https://tse4.mm.bing.net/th?id=OIP.hcA0QGzArW3urr7sLuGg5wHaG6&pid=Api&f=1
Lung Cancer Screening by CT Scan: Risk-Based vs USPSTF ...,https://tse3.mm.bing.net/th?id=OIP.e2apox1E26Z0YNyKWYhxZgHaF6&pid=Api&f=1
2D CT scan slice containing a small (5mm) early stage lung ...,https://tse2.mm.bing.net/th?id=OIP.9fZjQfoNGzAAXcfw-IjowAAAAA&pid=Api&f=1
Small cell lung cancer with endobronchial growth: A case ...,https://tse2.mm.bing.net/th?id=OIP.3a7ZEhHp89twB1a890UFmwHaE5&pid=Api&f=1
Could a smartphone app help doctors diagnose lung cancer ...,https://tse4.mm.bing.net/th?id=OIP._EifcxnSLj5X1SaM0FIvVgHaEK&pid=Api&f=1
"CT scans lower lung cancer deaths, according to study",https://tse3.mm.bing.net/th?id=OIP.XppcpIUgL-F_zwQgoGsWpQAAAA&pid=Api&f=1
University Hospitals in Cleveland to offer $99 lung cancer ...,https://tse3.mm.bing.net/th?id=OIP.Dsls_IhCgh796J7wCN6iiAAAAA&pid=Api&f=1
Google AI can spot lung cancer a year before doctors ...,https://tse4.mm.bing.net/th?id=OIP.UUYG16RIxgDab0gFFL9GGgHaGd&pid=Api&f=1
"Lung Cancer Symptoms, Stages, Treatment",https://tse4.mm.bing.net/th?id=OIP._qgQYFCOYFTkQeXzDAe_TgHaFC&pid=Api&f=1
Staging Lung Cancer,https://tse3.mm.bing.net/th?id=OIP.ku_BcD0T54-4tpimhXqLFwHaHa&pid=Api&f=1
Catching Cancer with Low Dose CT Helps Drop Lung Cancer ...,https://tse4.mm.bing.net/th?id=OIP.aUCUSoBDB4Y0RoTEEI__ywHaGB&pid=Api&f=1
Why Some Doctors Hesitate To Screen Smokers For Lung ...,https://tse2.mm.bing.net/th?id=OIP.LDhUpD0TBKMf_hMO2UEFQAHaFj&pid=Api&f=1
Lung cancer: CT scan of tumor in lung - YouTube,https://tse4.mm.bing.net/th?id=OIP.VD2c9MoNI7jjXeHb7kwtswHaFj&pid=Api&f=1
Lung cancer | The BMJ,https://tse2.mm.bing.net/th?id=OIP.yWZqmGrkBowwEk3upTa6fQHaFW&pid=Api&f=1
Lung Cancer and Thoracic Surgery Today: Staging - Alex G ...,https://tse3.mm.bing.net/th?id=OIP.YjrJIfiqCYgk3lLqZgEYiwHaFz&pid=Api&f=1
HEALTH FROM TRUSTED SOURCES: Lung cancer,https://tse3.mm.bing.net/th?id=OIP.yqwdj9jUzOIj7l-buoJ-kgHaFg&pid=Api&f=1
Non-Small Cell Lung Cancer (NSCLC) Workup: Approach ...,https://tse1.mm.bing.net/th?id=OIP.KOKo7UVqKwx0r6fB0GfbCgAAAA&pid=Api&f=1
Lung Cancer Screening Requires Effective Risk ...,https://tse4.mm.bing.net/th?id=OIP.O_cbNP7pzEo4i4LS8-SHZgHaD_&pid=Api&f=1
CT scans in a patient with systemic sclerosis. (A) Inte ...,https://tse1.mm.bing.net/th?id=OIP.Qf0CAuBfGwK2v-SNmujRsgHaDt&pid=Api&f=1
Imaging Tests | LUNGevity Foundation,https://tse3.mm.bing.net/th?id=OIP.IaWVZ1rhegTvzUhhzyDFLQHaDV&pid=Api&f=1
CT Lung Cancer Screening - Medical Test | Stanford Health Care,https://tse3.mm.bing.net/th?id=OIP.yhDGx6PDinC3UytRL2jAewHaFm&pid=Api&f=1
Lung Screening Program | Ste Genevieve County Memorial ...,https://tse4.mm.bing.net/th?id=OIP.NJ4FCgRn8rcCzeUtVcrs5gHaIg&pid=Api&f=1
Lung cancer ~ Anatomy for MSP,https://tse3.mm.bing.net/th?id=OIP.urs_YXS2ghl6O1uGGTcvCAHaG4&pid=Api&f=1
$99 Lung Cancer Screenings,https://tse1.mm.bing.net/th?id=OIP.U5Z8S8dro_ZbnPsfkwYOSgHaDQ&pid=Api&f=1
Researchers Recommend Additional PET/CT Scans in Lung ...,https://tse4.mm.bing.net/th?id=OIP.edmnLZVbS4Bb0_3HXsju3QHaHa&pid=Api&f=1
CT scans detect early lung cancer in middle-aged smokers ...,https://tse3.mm.bing.net/th?id=OIP.LX7A-l-GaVw4p_mN4KptKQAAAA&pid=Api&f=1
Lung Cancer Screening: The Life-saving CT Scan - YouTube,https://tse1.mm.bing.net/th?id=OIP.olWasbqa44OgLe-eyp7gHQHaEK&pid=Api&f=1
UAB - News - Medicare to cover lung cancer screening with ...,https://tse1.mm.bing.net/th?id=OIP.kT0VCS8o8k8-qhbNOA7SgQHaFj&pid=Api&f=1
"When to suspect lung cancer, and what to do - Clinical Advisor",https://tse3.mm.bing.net/th?id=OIP.XKqN9nms0Bv4tUwDLeJRUwHaGX&pid=Api&f=1
Lung Cancer Patient's Tumors Shrunk in Half After Using ...,https://tse2.mm.bing.net/th?id=OIP.ZDJaXE7jKqUe1622Gq_DYAHaFs&pid=Api&f=1
CT scans reduce lung cancer deaths by 20 percent,https://tse2.mm.bing.net/th?id=OIP.mgpv2mF-_f5r-4KqEMUi-wHaFA&pid=Api&f=1
Researchers Dispute Benefits of CT Scans for Lung Cancer ...,https://tse2.mm.bing.net/th?id=OIP.ogplbHVIhBfCroRG821lcgAAAA&pid=Api&f=1
Low Dose Lung Cancer Screening - Providence Imaging Center,https://tse1.mm.bing.net/th?id=OIP.AG6PABlWvJMnM9LfXwVcfAAAAA&pid=Api&f=1
Lung Cancer Screening of Wisconsin,https://tse1.mm.bing.net/th?id=OIP.5BRKV8gYLhQ0njgE22WCPgAAAA&pid=Api&f=1
"Small-Cell Lung Cancer Causes, Symptoms, Treatment ...",https://tse1.mm.bing.net/th?id=OIP.m0LYKyzZ0OCU0walvUie3QAAAA&pid=Api&f=1
Sensitivity of CT scan in Diagnosing Lung Cancer ...,https://tse2.mm.bing.net/th?id=OIP.44FxrpICx5V562QM61FvyAHaEL&pid=Api&f=1
Defeating Lung Cancer With Early Detection – Health ...,https://tse3.mm.bing.net/th?id=OIP.4uYq_OWA0HMQWT2OlPWBpgHaFj&pid=Api&f=1
"For Early-Stage Lung Cancer, a New Biomarker and Treatment ...",https://tse4.mm.bing.net/th?id=OIP.Dk8B_aSSeLxC89eN8ulR4wHaFk&pid=Api&f=1
CT scan scout image from a 54 year old man with lung ...,https://tse4.mm.bing.net/th?id=OIP.9sBesSijR7rKZfQoL0mHLwHaF6&pid=Api&f=1
Staging Lung Cancer,https://tse4.mm.bing.net/th?id=OIP.3LcbptuHPxTmcfYVI9wErQHaHa&pid=Api&f=1
Lung cancer - Wikipedia,https://tse4.mm.bing.net/th?id=OIP.CXiyX__8SF0IH1AMmEg7NgAAAA&pid=Api&f=1
"Lung-Cancer Screening Saves Heavy Smokers’ Lives, Study ...",https://tse4.mm.bing.net/th?id=OIP.Hk4Xha6E6fODhGBCm7i6XAHaE7&pid=Api&f=1
False Positives in CT Lung Scans | Medical Skeptic,https://tse3.mm.bing.net/th?id=OIP.yBsPtqkt6OSYPaeikd0GXwHaFj&pid=Api&f=1
Malignant Mesothelioma,https://tse4.mm.bing.net/th?id=OIP.dTW8Bg9B6_ncNoBQK_3AowHaGJ&pid=Api&f=1
Lung cancer | The BMJ,https://tse3.mm.bing.net/th?id=OIP.y5T3KFwvEBq4biQWqN1DUgHaFW&pid=Api&f=1
"Lung Cancer - Radiology Associates of DeKalb, P.C ...",https://tse3.mm.bing.net/th?id=OIP.D3mFyQzo5F5-uyQQhfzyrgHaHa&pid=Api&f=1
Xrays and CT Scans of Lung Cancer,https://tse2.mm.bing.net/th?id=OIP.C7medF0MDk1bJy4AIaaDzAHaDe&pid=Api&f=1
Lung Cancer Screening CT - San Diego Imaging Radiology,https://tse4.mm.bing.net/th?id=OIP.8nNBuzK-P7WfVrODAjvZDAHaGO&pid=Api&f=1
CT scans for lung cancer may save lives | Fox News,https://tse3.mm.bing.net/th?id=OIP.ljkEHzmT6qAZTw5AceHSgQHaEK&pid=Api&f=1
Lung cancer CT - wikidoc,https://tse4.mm.bing.net/th?id=OIP.kXPQVprR2hyBqLDRgqJyxwHaHT&pid=Api&f=1
"Lung Cancer - Radiology Associates of DeKalb, P.C ...",https://tse3.mm.bing.net/th?id=OIP.FDCcNnCyowP_1_UjxsiHogAAAA&pid=Api&f=1
Are lung cancer survivors getting too many costly scans ...,https://tse2.mm.bing.net/th?id=OIP.W-jfWw1miDk81CURkGYwqgHaDq&pid=Api&f=1
Detection of Lung Cancer,https://tse3.mm.bing.net/th?id=OIP.pC88NWPCSL45e5HeRLce7AHaEh&pid=Api&f=1
Spiral CT Scans For Lung Cancer Screening: High Cost ...,https://tse4.mm.bing.net/th?id=OIP.sGKydd9Gy80XXGG5ugsj-wAAAA&pid=Api&f=1
Aggressive Lung Adenocarcinoma Subtype May Require New ...,https://tse1.mm.bing.net/th?id=OIP.2YC3RTilsaRJsTMvHxr7xgHaE8&pid=Api&f=1
Lung Cancer Screening Often Raises False Alarm : Shots ...,https://tse4.mm.bing.net/th?id=OIP.xYUsBB3eQ1kjAoFhMFnrKAHaFi&pid=Api&f=1
LLU Cancer Center now offering low dose CT scan for lung ...,https://tse1.mm.bing.net/th?id=OIP.Aa0e5Um-f_T3Bd5tfQBv9QHaEK&pid=Api&f=1
Lung Cancer Screening Often Raises False Alarm : Shots ...,https://tse3.mm.bing.net/th?id=OIP.MT393DgrA7nVK7ctA1O1JQHaFj&pid=Api&f=1
Google's Medical AI Detects Lung Cancer With 94% Accuracy,https://tse3.mm.bing.net/th?id=OIP.yOwEHn8jnqlNPGC2uj1Y_gHaD3&pid=Api&f=1
Study Shows Low-Dose CT's Superiority to Chest X-Ray in ...,https://tse3.mm.bing.net/th?id=OIP.7kbZO6Q-YSpph3szVqg7lwHaFX&pid=Api&f=1
"Tread carefully on lung cancer screening, U.K. experts urge",https://tse1.mm.bing.net/th?id=OIP.GcfMa6P3RUrOEVTWoepiSwHaHQ&pid=Api&f=1
Xrays and CT Scans of Lung Cancer,https://tse4.mm.bing.net/th?id=OIP.G75hnHt3HozeIpLW9_wIIwHaDv&pid=Api&f=1
Why Some Doctors Hesitate To Screen Smokers For Lung ...,https://tse3.mm.bing.net/th?id=OIP.exEavUf_w3dxo5EJF97zvQHaFj&pid=Api&f=1
CT Staging in Lung Cancer,https://tse3.mm.bing.net/th?id=OIP.YEXZy9Nb_xMjACUFvWo_SAHaGF&pid=Api&f=1
Risks of Follow-Up Procedures after Lung Cancer Screening ...,https://tse4.mm.bing.net/th?id=OIP.UZ7-YjSUpE3ntMn59tRbxgHaEC&pid=Api&f=1
How AI Can Detect Lung Cancer from CT Scans | NVIDIA Blog,https://tse1.mm.bing.net/th?id=OIP.yRC5ZpYX32qNWKHDncVi7QHaGN&pid=Api&f=1
Lung Cancer Screening | Lung and Thoracic Cancer | Henry ...,https://tse4.mm.bing.net/th?id=OIP.wNm8epjsKryNr79m7uXDuAHaHa&pid=Api&f=1
SMALL CELL LUNG CANCER (SCLC),https://tse4.mm.bing.net/th?id=OIP.ImEwlCSewFyKLF1AjKOQ4QHaFj&pid=Api&f=1
"Lung Cancer Deaths Reduced by CT Scans, Study Finds - The ...",https://tse2.mm.bing.net/th?id=OIP.8_qa3bDWTASvVELHxfPNigHaHZ&pid=Api&f=1
Staging Lung Cancer,https://tse3.mm.bing.net/th?id=OIP.PIDogEmJJGfCOfQLjMHJUwHaHa&pid=Api&f=1
Lung Cancer Patient’s Tumors Shrunk in Half After Using ...,https://tse1.mm.bing.net/th?id=OIP.C-euauDH3fBz2AiIydun_AHaFs&pid=Api&f=1
A quick-guide to low dose CT lung cancer screenings and ...,https://tse1.mm.bing.net/th?id=OIP.DpY0MZb3mtJu-AbgiJ9wagHaEK&pid=Api&f=1
Tackling Lung Cancer: A Multidisciplinary Approach to ...,https://tse1.mm.bing.net/th?id=OIP.Fx2Xd41e_2NGb5gaK5zfjAHaHa&pid=Api&f=1
Why Some Doctors Are Hesitant To Screen Smokers For Lung ...,https://tse2.mm.bing.net/th?id=OIP.rOlCPi6S4Nm9rtd1llQp-gHaEK&pid=Api&f=1
SMOHIT MEDICAL SCREENING PROGRAM ADDS NEW TEST FOR ...,https://tse1.mm.bing.net/th?id=OIP.2IXE4ITdxpFXCSA_rHNJhAAAAA&pid=Api&f=1
Low-Dose CT Scans Show Promise in Detecting Early-Stage ...,https://tse2.mm.bing.net/th?id=OIP.yODMeyjHnmKEska2ET-qdwHaG6&pid=Api&f=1
When to Question X-rays and CT Scans - Consumer Reports,https://tse4.mm.bing.net/th?id=OIP.40d5S08wO-7WQhcg7hjPxQHaFZ&pid=Api&f=1
